1,1,A1,skyBoss
1,1,A2,skyBoss
1,1,A3,skyBoss
1,1,A4,skyBoss
1,1,A5,skyBoss
1,1,A6,deluxe
1,1,A7,deluxe
1,1,A8,deluxe
1,1,A9,deluxe
1,1,A10,deluxe
1,1,A11,original
1,1,A12,original
1,1,A13,original
1,1,A14,original
1,1,A15,original
1,1,A16,original
1,1,A17,original
1,1,A18,original
1,1,A19,original
1,1,A20,original
1,1,A21,original
1,1,A22,original
1,1,A23,original
1,1,A24,original
1,1,A25,original
1,1,A26,original
1,1,A27,original
1,1,A28,original
1,1,A29,original
1,1,A30,original
1,1,A31,original
1,1,A32,original
1,1,A33,original
1,1,A34,original
1,1,A35,original
1,1,A36,original
1,1,A37,original
1,1,A38,original
1,1,A39,original
1,1,A40,original
1,1,A41,original
1,1,A42,original
1,1,A43,original
1,1,A44,original
1,1,A45,original
1,1,A46,original
1,1,A47,original
1,1,A48,original
1,1,A49,original
1,1,A50,original
1,1,B1,skyBoss
1,1,B2,skyBoss
1,1,B3,skyBoss
1,1,B4,skyBoss
1,1,B5,skyBoss
1,1,B6,deluxe
1,1,B7,deluxe
1,1,B8,deluxe
1,1,B9,deluxe
1,1,B10,deluxe
1,1,B11,original
1,1,B12,original
1,1,B13,original
1,1,B14,original
1,1,B15,original
1,1,B16,original
1,1,B17,original
1,1,B18,original
1,1,B19,original
1,1,B20,original
1,1,B21,original
1,1,B22,original
1,1,B23,original
1,1,B24,original
1,1,B25,original
1,1,B26,original
1,1,B27,original
1,1,B28,original
1,1,B29,original
1,1,B30,original
1,1,B31,original
1,1,B32,original
1,1,B33,original
1,1,B34,original
1,1,B35,original
1,1,B36,original
1,1,B37,original
1,1,B38,original
1,1,B39,original
1,1,B40,original
1,1,B41,original
1,1,B42,original
1,1,B43,original
1,1,B44,original
1,1,B45,original
1,1,B46,original
1,1,B47,original
1,1,B48,original
1,1,B49,original
1,1,B50,original
1,1,C1,skyBoss
1,1,C2,skyBoss
1,1,C3,skyBoss
1,1,C4,skyBoss
1,1,C5,skyBoss
1,1,C6,deluxe
1,1,C7,deluxe
1,1,C8,deluxe
1,1,C9,deluxe
1,1,C10,deluxe
1,1,C11,original
1,1,C12,original
1,1,C13,original
1,1,C14,original
1,1,C15,original
1,1,C16,original
1,1,C17,original
1,1,C18,original
1,1,C19,original
1,1,C20,original
1,1,C21,original
1,1,C22,original
1,1,C23,original
1,1,C24,original
1,1,C25,original
1,1,C26,original
1,1,C27,original
1,1,C28,original
1,1,C29,original
1,1,C30,original
1,1,C31,original
1,1,C32,original
1,1,C33,original
1,1,C34,original
1,1,C35,original
1,1,C36,original
1,1,C37,original
1,1,C38,original
1,1,C39,original
1,1,C40,original
1,1,C41,original
1,1,C42,original
1,1,C43,original
1,1,C44,original
1,1,C45,original
1,1,C46,original
1,1,C47,original
1,1,C48,original
1,1,C49,original
1,1,C50,original
1,1,D1,skyBoss
1,1,D2,skyBoss
1,1,D3,skyBoss
1,1,D4,skyBoss
1,1,D5,skyBoss
1,1,D6,deluxe
1,1,D7,deluxe
1,1,D8,deluxe
1,1,D9,deluxe
1,1,D10,deluxe
1,1,D11,original
1,1,D12,original
1,1,D13,original
1,1,D14,original
1,1,D15,original
1,1,D16,original
1,1,D17,original
1,1,D18,original
1,1,D19,original
1,1,D20,original
1,1,D21,original
1,1,D22,original
1,1,D23,original
1,1,D24,original
1,1,D25,original
1,1,D26,original
1,1,D27,original
1,1,D28,original
1,1,D29,original
1,1,D30,original
1,1,D31,original
1,1,D32,original
1,1,D33,original
1,1,D34,original
1,1,D35,original
1,1,D36,original
1,1,D37,original
1,1,D38,original
1,1,D39,original
1,1,D40,original
1,1,D41,original
1,1,D42,original
1,1,D43,original
1,1,D44,original
1,1,D45,original
1,1,D46,original
1,1,D47,original
1,1,D48,original
1,1,D49,original
1,1,D50,original
1,1,E1,skyBoss
1,1,E2,skyBoss
1,1,E3,skyBoss
1,1,E4,skyBoss
1,1,E5,skyBoss
1,1,E6,deluxe
1,1,E7,deluxe
1,1,E8,deluxe
1,1,E9,deluxe
1,1,E10,deluxe
1,1,E11,original
1,1,E12,original
1,1,E13,original
1,1,E14,original
1,1,E15,original
1,1,E16,original
1,1,E17,original
1,1,E18,original
1,1,E19,original
1,1,E20,original
1,1,E21,original
1,1,E22,original
1,1,E23,original
1,1,E24,original
1,1,E25,original
1,1,E26,original
1,1,E27,original
1,1,E28,original
1,1,E29,original
1,1,E30,original
1,1,E31,original
1,1,E32,original
1,1,E33,original
1,1,E34,original
1,1,E35,original
1,1,E36,original
1,1,E37,original
1,1,E38,original
1,1,E39,original
1,1,E40,original
1,1,E41,original
1,1,E42,original
1,1,E43,original
1,1,E44,original
1,1,E45,original
1,1,E46,original
1,1,E47,original
1,1,E48,original
1,1,E49,original
1,1,E50,original
1,1,F1,skyBoss
1,1,F2,skyBoss
1,1,F3,skyBoss
1,1,F4,skyBoss
1,1,F5,skyBoss
1,1,F6,deluxe
1,1,F7,deluxe
1,1,F8,deluxe
1,1,F9,deluxe
1,1,F10,deluxe
1,1,F11,original
1,1,F12,original
1,1,F13,original
1,1,F14,original
1,1,F15,original
1,1,F16,original
1,1,F17,original
1,1,F18,original
1,1,F19,original
1,1,F20,original
1,1,F21,original
1,1,F22,original
1,1,F23,original
1,1,F24,original
1,1,F25,original
1,1,F26,original
1,1,F27,original
1,1,F28,original
1,1,F29,original
1,1,F30,original
1,1,F31,original
1,1,F32,original
1,1,F33,original
1,1,F34,original
1,1,F35,original
1,1,F36,original
1,1,F37,original
1,1,F38,original
1,1,F39,original
1,1,F40,original
1,1,F41,original
1,1,F42,original
1,1,F43,original
1,1,F44,original
1,1,F45,original
1,1,F46,original
1,1,F47,original
1,1,F48,original
1,1,F49,original
1,1,F50,original
1,2,A1,skyBoss
1,2,A2,skyBoss
1,2,A3,skyBoss
1,2,A4,skyBoss
1,2,A5,skyBoss
1,2,A6,original
1,2,A7,original
1,2,A8,original
1,2,A9,original
1,2,A10,original
1,2,A11,original
1,2,A12,original
1,2,A13,original
1,2,A14,original
1,2,A15,original
1,2,A16,original
1,2,A17,original
1,2,A18,original
1,2,A19,original
1,2,A20,original
1,2,A21,original
1,2,A22,original
1,2,A23,original
1,2,A24,original
1,2,A25,original
1,2,A26,original
1,2,A27,original
1,2,A28,original
1,2,A29,original
1,2,A30,original
1,2,A31,original
1,2,A32,original
1,2,A33,original
1,2,A34,original
1,2,A35,original
1,2,A36,original
1,2,A37,original
1,2,A38,original
1,2,A39,original
1,2,A40,original
1,2,A41,original
1,2,A42,original
1,2,A43,original
1,2,A44,original
1,2,A45,original
1,2,B1,skyBoss
1,2,B2,skyBoss
1,2,B3,skyBoss
1,2,B4,skyBoss
1,2,B5,skyBoss
1,2,B6,original
1,2,B7,original
1,2,B8,original
1,2,B9,original
1,2,B10,original
1,2,B11,original
1,2,B12,original
1,2,B13,original
1,2,B14,original
1,2,B15,original
1,2,B16,original
1,2,B17,original
1,2,B18,original
1,2,B19,original
1,2,B20,original
1,2,B21,original
1,2,B22,original
1,2,B23,original
1,2,B24,original
1,2,B25,original
1,2,B26,original
1,2,B27,original
1,2,B28,original
1,2,B29,original
1,2,B30,original
1,2,B31,original
1,2,B32,original
1,2,B33,original
1,2,B34,original
1,2,B35,original
1,2,B36,original
1,2,B37,original
1,2,B38,original
1,2,B39,original
1,2,B40,original
1,2,B41,original
1,2,B42,original
1,2,B43,original
1,2,B44,original
1,2,B45,original
1,2,C1,skyBoss
1,2,C2,skyBoss
1,2,C3,skyBoss
1,2,C4,skyBoss
1,2,C5,skyBoss
1,2,C6,original
1,2,C7,original
1,2,C8,original
1,2,C9,original
1,2,C10,original
1,2,C11,original
1,2,C12,original
1,2,C13,original
1,2,C14,original
1,2,C15,original
1,2,C16,original
1,2,C17,original
1,2,C18,original
1,2,C19,original
1,2,C20,original
1,2,C21,original
1,2,C22,original
1,2,C23,original
1,2,C24,original
1,2,C25,original
1,2,C26,original
1,2,C27,original
1,2,C28,original
1,2,C29,original
1,2,C30,original
1,2,C31,original
1,2,C32,original
1,2,C33,original
1,2,C34,original
1,2,C35,original
1,2,C36,original
1,2,C37,original
1,2,C38,original
1,2,C39,original
1,2,C40,original
1,2,C41,original
1,2,C42,original
1,2,C43,original
1,2,C44,original
1,2,C45,original
1,2,D1,skyBoss
1,2,D2,skyBoss
1,2,D3,skyBoss
1,2,D4,skyBoss
1,2,D5,skyBoss
1,2,D6,original
1,2,D7,original
1,2,D8,original
1,2,D9,original
1,2,D10,original
1,2,D11,original
1,2,D12,original
1,2,D13,original
1,2,D14,original
1,2,D15,original
1,2,D16,original
1,2,D17,original
1,2,D18,original
1,2,D19,original
1,2,D20,original
1,2,D21,original
1,2,D22,original
1,2,D23,original
1,2,D24,original
1,2,D25,original
1,2,D26,original
1,2,D27,original
1,2,D28,original
1,2,D29,original
1,2,D30,original
1,2,D31,original
1,2,D32,original
1,2,D33,original
1,2,D34,original
1,2,D35,original
1,2,D36,original
1,2,D37,original
1,2,D38,original
1,2,D39,original
1,2,D40,original
1,2,D41,original
1,2,D42,original
1,2,D43,original
1,2,D44,original
1,2,D45,original
1,2,E1,skyBoss
1,2,E2,skyBoss
1,2,E3,skyBoss
1,2,E4,skyBoss
1,2,E5,skyBoss
1,2,E6,original
1,2,E7,original
1,2,E8,original
1,2,E9,original
1,2,E10,original
1,2,E11,original
1,2,E12,original
1,2,E13,original
1,2,E14,original
1,2,E15,original
1,2,E16,original
1,2,E17,original
1,2,E18,original
1,2,E19,original
1,2,E20,original
1,2,E21,original
1,2,E22,original
1,2,E23,original
1,2,E24,original
1,2,E25,original
1,2,E26,original
1,2,E27,original
1,2,E28,original
1,2,E29,original
1,2,E30,original
1,2,E31,original
1,2,E32,original
1,2,E33,original
1,2,E34,original
1,2,E35,original
1,2,E36,original
1,2,E37,original
1,2,E38,original
1,2,E39,original
1,2,E40,original
1,2,E41,original
1,2,E42,original
1,2,E43,original
1,2,E44,original
1,2,E45,original
1,2,F1,skyBoss
1,2,F2,skyBoss
1,2,F3,skyBoss
1,2,F4,skyBoss
1,2,F5,skyBoss
1,2,F6,original
1,2,F7,original
1,2,F8,original
1,2,F9,original
1,2,F10,original
1,2,F11,original
1,2,F12,original
1,2,F13,original
1,2,F14,original
1,2,F15,original
1,2,F16,original
1,2,F17,original
1,2,F18,original
1,2,F19,original
1,2,F20,original
1,2,F21,original
1,2,F22,original
1,2,F23,original
1,2,F24,original
1,2,F25,original
1,2,F26,original
1,2,F27,original
1,2,F28,original
1,2,F29,original
1,2,F30,original
1,2,F31,original
1,2,F32,original
1,2,F33,original
1,2,F34,original
1,2,F35,original
1,2,F36,original
1,2,F37,original
1,2,F38,original
1,2,F39,original
1,2,F40,original
1,2,F41,original
1,2,F42,original
1,2,F43,original
1,2,F44,original
1,2,F45,original
